Achim Bohnet                    :           ach-guest
Adam C Powell IV                :           hazelsct
Adam Conrad                     :           adconrad
Adeodato Simó                   :           adeodato, dato-guest
Adriaan Peeters                 :           apeeters-guest
Adrian Knoth                    :           adiknoth-guest
Adrian Perez                    :           adrianperez-guest
Adrian von Bidder               :           Adrian % von Bidder
Ahmed El-Mahmoudy               :           %Ahmed El-Mahmoudy%, aelmahmoudy-guest
Alan Boudreault                 :           aboudreault-guest
Alastair McKinstry              :           mckinstry
Albert Huang                    :           ashuang-guest
Alberto Garcia                  :           agarcia-guest
Ales Zabala Alava               :           shagi-guest
Alessandro Ghedini              :           ghedo%
Alessio Treglia                 :           quadrispro-guest, alessio
Alex Chiang                     :           achiang-guest
Alex Launi                      :           lamalex-guest
Alex Muntada                    :           alexm-guest
Alexander Dreyer                :           dreyer-guest
Alexander Reichle-Schmehl       :           tolimar
Alexander Reshetov              :           eof-guest
Alexandre Mestiashvili          :           Alex Mestiashvili, malex-guest
Alexandre Quessy                :           alexandrequessy%
Ali Mezgani                     :           mezgani-guest
Allard Hoeve                    :           hoeve-guest
Ana Beatriz Guerrero López      :           ana, ana-guest, Ana Beatriz Guerrero Lopez
Anatoly Techtonik               :           techtonik-guest
Andrea Colangelo                :           warp10-guest
Andrea Corradi                  :           lash-guest
Andrea Gasparini                :           gaspa-guest
Andrea Palazzi                  :           apalazzi-guest
Andreas Hildebrandt             :           anhi-guest
Andreas Moll                    :           amoll-guest
Andreas Noteng                  :           anoteng-guest
Andreas Putzo                   :           nd-guest
Andreas Schildbach              :           goonie-guest
Andreas Schuldei                :           andreas
Andreas Tille                   :           Andreas T, tille@debian.org, Tille A, tille, TilleA, "Tille, Andreas"
Andreas Wenning                 :           awen-guest
Andres Mejia                    :           ceros-guest
Andres Salomon                  :           dilinger, dilinger-guest
Andrew Gee                      :           andrewgee-guest
Andrew Lee                      :           ajqlee
Andrew Price                    :           andyp-guest
Andrew Ross                     :           rockclimb-guest
Andrew Starr-Bochicchio         :           andrewsomething-guest
Andrew Straw                    :           astraw-guest
Andrey Rahmatullin              :           wrar-guest
Andriy Beregovenko              :           jet-guest
Andriy Senkovych                :           jollyroger-guest
André Gaul                      :           andrenarchy-guest
Angel Abad Contreras            :           angelabad-guest
Anne Christine Spang            :           christine
Ansgar Burchardt                :           ansgar, ansgar-guest
Ansgar Wiechers                 :           Ansgar%Wiechers
Antal A. Buss                   :           abuss-guest
Anton Gladky                    :           gladky-anton-guest
Anton Martchukov                :           antonm-guest
Antonio De Luci                 :           osrevolution-guest
Antonio Radici                  :           antonio
Armin Berres                    :           trigger-guest
Armin Ronacher                  :           mitsuhiko-guest
Arnaud Fontaine                 :           arnau, arnau-guest
Arnaud Patard                   :           rtp-guest
Arnaud Vandyck                  :           avdyk, arnaud-guest
Aurelien Jarno                  :           aurel32
Aurélien GÉRÔME                 :           ag-guest
B. Clausius                     :           barcc-guest
Barak Pearlmutter               :           bap
Barry Hawkins                   :           barryh-guest
Barry Warsaw                    :           warsaw-guest
Barry deFreese                  :           bddebian-guest
Barry deFreese                  :           bdefreese
Bart Cornelis                   :           cobaco%
Bastian Blank                   :           waldi
Ben Armstrong                   :           synrg
Ben Hutchings                   :           benh
Benjamin Drung                  :           %bdrung%, bdrung-guest
Benjamin Mesing                 :           bmesing-guest
Bernd Zeimetz                   :           bzed
Bernhard Reiter                 :           ockham-guest
Bjørn Steensrud                 :           catman-guest
Branden Robinson                :           Branden Robinson%
Brandon Hale                    :           tseng-guest
Brendan Sleight                 :           bmsleight-guest
Brett Parker                    :           brettp-guest
Brian Cassidy                   :           bricas-guest
Brian Nelson                    :           pyro
Bruno "Fuddl" Kleinert          :           Bruno%Fuddl%, fuddl-guest
Cameron Shorter                 :           camerons-guest
Carl Chenet                     :           chaica-guest
Carl Fürstenberg                :           azatoth-guest
Carl Henrik Holth Lunde         :           chlunde-guest
Carlo Segre                     :           segre, segre-guest
Carlos Galisteo                 :           cgalisteo-guest
Cesare Tirabassi                :           norsetto-guest
Changyan Xie                    :           panchoat-guest
Charles Plessy                  :           plessy, charles-guest, charles-debian-nospam
Charlie Smotherman              :           cjsmo-guest
Chris AtLee                     :           catlee-guest
Chris Butler                    :           chrisb
Chris Lamb                      :           lamby, lamby-guest
Chris Murphy                    :           chrismurf-guest
Chris Silva                     :           cds-guest
Christian Kastner               :           chrisk-guest, chrisk
Christian Meissner              :           meissner-guest
Christian Perrier               :           bubulle, Christian PERRIER
Christian T. Steigies           :           cts
Christoffer Jerkeby             :           kugg-guest
Christoph Berg                  :           myon
Christoph Egger                 :           christoph-guest
Christoph Gille                 :           christophgil-guest
Christoph Hellwig               :           hch-guest
Christoph Korn                  :           c_korn-guest
Christophe Prud_homme           :           prudhomm, prudhomm-guest
Christophe Trophime             :           trophime%, christophe.trophime
Christopher L. Cheney           :           ccheney
Christopher Lunsford            :           binarymutant-guest
Christopher Martin              :           chrsmrtn, chrsmrtn-guest
Christopher Schmidt             :           crschmidt-guest
Christopher Walker              :           cjw1006-guest
Clint Byrum                     :           spamaps-guest
Cody Somerville                 :           cody-somerville-guest
Colin Watson                    :           cjwatson
Craig Small                     :           csmall
Cécile FORELLA                  :           forella-guest
Cédric Boutillier               :           boutil-guest
D. Moonfire                     :           dmoonfire-guest
Damien Caliste                  :           dcaliste-guest
Damien Raude-Morvan             :           drazzib
Damián Viano                    :           des
Damyan Ivanov                   :           dmn
Daniel Baumann                  :           daniel
Daniel Leidert                  :           Daniel Leidert (dale), dleidert-guest
Daniel Rus Morales              :           danirus-guest
Daniel Schepler                 :           schepler
Daniel Stender                  :           danstender-guest
Daniel Watkins                  :           odd_bloke-guest
Daniele Tricoli                 :           eriol-guest
Dann Frazier                    :           dannf
Dave Beckett                    :           dajobe
David Bremner                   :           bremner-guest
David Cournapeau                :           cdavid-guest
David I. Lehn                   :           dlehn
David Martínez Martí            :           deavid-guest
David Palacio                   :           dpalacio-guest
David Paleino                   :           dapal, hanska-guest
David Prévot                    :           taffit, taffit-guest
David Villa Alises              :           davidvilla-guest
David Young                     :           dove-young-guest
Davide Cavalca                  :           davide125-guest
Deepak Tripathi                 :           deepak-guest
Denis Barbier                   :           barbier
Denis Briand                    :           narcan-guest
Denis Lutsenko                  :           lutsenkodv-guest
Dennis Stampfer                 :           seppy
Derek D Owens                   :           derek-guest
Devid Antonio Filoni            :           dfiloni-guest
Didier Raboud                   :           odyx, Monsieur Didier Raboud
Dimitri Ara                     :           pnou-guest
Dmitrijs Ledkovs                :           xnox-guest
Dmitry Oboukhov                 :           unera
Dmitry Shachnev                 :           mitya57-guest
Dominik Smatana                 :           dominik-guest
Dominique Belhachemi            :           domibel%
Dominique Dumont                :           ddumont-guest
Dustin Rayner                   :           sworoc-guest
Eddy Petrisor                   :           Eddy Petri%or, eddyp-guest
Eduard Bloch                    :           blade
Egon Willighagen                :           egonw-guest
Eike Nicklas                    :           eike-guest
Elliot Murphy                   :           statik-guest
Eloy Paris                      :           peloy
Emanuele Rocca                  :           ema
Emiliano Grilli                 :           emillo-guest
Emmanuel Bourg                  :           ebourg-guest
Emmanuel Fleury                 :           fleury-guest
Emmanuel Rodriguez              :           potyl-guest
Enrico Tassi                    :           gareuselesinge, gares-guest
Enrico Zini                     :           enrico
Eric Cooper                     :           ecc-guest
Eric Dantan Rzewnicki           :           edrz-guest
Eric Lavarde                    :           ewl-guest
Eric Maeker                     :           ericmaeker-guest
Eric Sharkey                    :           sharkey, sharkey@superk.physics.sunysb.edu
Eric Talevich                   :           etal-guest
Erich Schubert                  :           erich
Ernesto Hernández-Novich        :           emhn-guest
Everton Hermann                 :           ehermann-guest
Fabian Greffrath                :           fabian-guest
Fabian Köster                   :           maestro_alubia-guest
Fabio Castelli                  :           muflone-guest
Fabio Tranchitella              :           kobold
Fabrizio Pollastri              :           fabrizio-guest
Fabrizio Regalli                :           fabreg-guest
Faidon Liambotis                :           paravoid
Fathi Boudra                    :           fabo, fboudra-guest
Federico Ceratto                :           federico-guest
Felipe Augusto van de Wiel      :           Felipe Augusto van de Wiel%, faw
Felipe Sateler                  :           fsateler%
Felix Feyertag                  :           fxf-guest
Felix Geyer                     :           debfx-guest
Fernando C. Estrada             :           fcestrada-guest
Fernando Ike                    :           fike-guest
Filipe Lautert                  :           filipe-guest
Filippo Rusconi                 :           Filippo Rusconi (Debian Maintainer), rusconi
Florent Angly                   :           fangly-guest
Florian Grandel                 :           jerico-guest
Florian Ragwitz                 :           florian-guest
Francesca Ciceri                :           madamezou, madamezou-guest
Francesco P. Lovergine          :           Francesco%Lovergine, frankie
Francois Marier                 :           francois
Frank S. Thomas                 :           fst, fst-guest
Frederic Lehobey                :           fdl-guest, Frederic Daniel Luc Lehobey
Frederik Schüler                :           fs, fschueler-guest
Free Ekanayaka                  :           free-guest, freee%
Frédéric-Emmanuel PICCA         :           Picca Fr%d%ric%,  Fr%d%ric% PICCA, picca
Gabriele Giacone                :           gg0-guest
Ganesan Rajagopal               :           rganesan
Georg Neis                      :           trurl-guest
Georg W. Leonhardt              :           geole-guest
George Danchev                  :           danchev-guest
George Kiagiadakis              :           gkiagia-guest
Georges Khaznadar               :           georgesk
Gerardo Curiel                  :           gerardo-guest
Gerfried Fuchs                  :           rhonda, alfie, rhonda-guest
Giovanni Mascellani             :           gio, gmascellani-guest
Giuliano Bordonaro              :           italia1bpf-guest
Gonéri Le Bouder                :           Gon%ri Le Bouder, goneri-guest
Gordon Farquharson              :           gordon-guest
Goswin von Brederlow            :           goswin-guest
Greg Sharp                      :           gregsharp-guest
Gregor Herrmann                 :           gregoa, gregoa-guest, gergor herrmann
Gudjon I. Gudjonsson            :           gudjon-guest
Guido Günther                   :           Guido G&#252;nther, Guido Guenther
Guilherme de S. Pastore         :           ftlerror-guest
Guillaume Mazoyer               :           gmazoyer-guest
Guillem Jover                   :           guillem
Gunnar Wolf                     :           gwolf
Gustavo Franco                  :           stratus
Gustavo Noronha                 :           kov
Gürkan Sengün                   :           gurkan-guest
Hamish Bowman                   :           hamish-guest
Hans-Christoph Steiner          :           eighthave-guest
Harry Rickards                  :           hrickards%, Harry RIckards
Helge Kreutzmann                :           kreutzm-guest
Helmut Grohne                   :           helmut-guest
Henning Glawe                   :           glaweh-guest
Henning Sprang                  :           lazyboy-guest
Herbert Xu                      :           herbert
Herman Robak                    :           hermanr-guest
Holger Levsen                   :           holger, h01ger-guest
Holger Wansing                  :           holger-guest
IOhannes M. Zmölnig             :           %zmoelnig%
Ian Campbell                    :           ijc-guest
Ian Jackson                     :           Ian Jackson - Debian Project Leader
Ian Ward                        :           wardi-guest
Ignace Mouzannar                :           ghantoos-guest
Ignaz Forster                   :           ifo-guest
Isaac Clerencia                 :           isaac
Ivan Kohler                     :           ivan
Ivo Maintz                      :           ivomaintz-guest
J.H.M. Dassen                   :           J.H.M.Dassen
JCF Ploemen                     :           jcfp-guest
Jakub Adam                      :           xhaakon-guest
Jakub Wilk                      :           jwilk
Jaldhar H. Vyas                 :           jaldhar
James Page                      :           jamespage-guest
James Stuckey                   :           stuckey-guest
Jan Beyer                       :           beathovn-guest, jan\@beathovn.de
Jan Dittberner                  :           jandd
Jan Michael Alonzo              :           jmalonzo-guest
Jan-Pascal van Best             :           janpascal-guest
Janos Guljas                    :           janos-guest
Jaromír Mikeš                   :           mira-guest
Jason Brittain                  :           jasonb-guest
Jason Dorje Short               :           jdorje-guest
Javi Merino Cacho               :           vicho-guest
Javier Fernandez-Sanguino       :           jfs
Jean Luc COULON                 :           Jean-Luc Coulon%
Jean Parpaillon                 :           artefact-guest
Jean-Francois Dive              :           jef
Jelmer Vernooij                 :           ctrlsoft-guest, jelmer
Jens Schmalzing                 :           jensen
Jeremiah Foster                 :           jeremiah-guest
Jeremy Bicha                    :           jbicha-guest
Jeremy Lainé                    :           sharky
Jeremy Sanders                  :           jeremysanders-guest
Jeroen van Wolffelaar           :           jeroen
Jerome Alet                     :           jalet-guest
Jerome Marant                   :           jerome
Jerry Haltom                    :           wasabi-guest
Jo Shields                      :           directhex, directhex-guest
Joachim Breitner                :           nomeata
Joerg Jaspert                   :           joerg
Joey Hess                       :           joeyh
Joey Schulze                    :           joey
Johan Svedberg                  :           winkle-guest
Johannes Ring                   :           johannr-guest
John Paulett                    :           johnpaulett-guest
John Skaller                    :           skaller-guest
Jon Dowland                     :           jmtd-guest
Jonas Smedegaard                :           js
Jonathan Riddell                :           jriddell-guest
Jonathan Wiltshire              :           jmw-guest
Jonathan Yu                     :           jawnsy-guest
Joost Yervante Damad            :           andete-guest
Joost van Baal                  :           Joost van Baal%, joostvb
Jordan Mantha                   :           laserjock-guest
Jordi Gutiérrez Hermoso         :           %Jord%G%t%rrez%Hermoso%, jordigh-guest
Jordi Vila                      :           jvila-guest
Jordà Polo                      :           Jord% Polo
Jose Carlos Garcia Sogo         :           jsogo
Jose Ernesto Davila Pantoja     :           josernesto-guest
Jose Luis Rivas Contreras       :           ghostbar
Josh Metzler                    :           jdmetz-guest
Joshua Kwan                     :           joshk
Josip Rodin                     :           joy
Josselin Mouette                :           joss
José Manuel Santamaría Lema     :           santa-guest
Jozef Kutej                     :           jozef-guest
Juan Luis  Belmonte             :           jlbelmonte-guest
Juan Manuel Garcia Molina       :           juanma%
Julian Mehnle                   :           jmehnle-guest
Julian Taylor                   :           jtaylor-guest
Julien Blache                   :           jblache
Julien Cristau                  :           jcristau
Julien Jehannet                 :           juj-guest
Julien Lavergne                 :           gilir-guest
Julián Moreno Patiño            :           jump-guest
Jurij Smakov                    :           jurij-guest
Justin Rye                      :           jbr-guest
Jérémie Corbier                 :           toadstool-guest
Jérémy Bobbio                   :           lunar
Jérôme Warnier                  :           Jerome Warnier
Kai Hendry                      :           kai-guest
Kai Wasserbäch                  :           curan-guest
Kan-Ru Chen                     :           koster
Karol M. Langner                :           kml-guest, Karol Langner
Kartik Mistry                   :           kartik
Kevin Coyner                    :           rustybear-guest
Kevin Rosenberg                 :           kevinrosenberg
Ko van der Sloot                :           sloot-guest
Konstantinos Poulios            :           logari81-guest
Krzysztof Krzyzaniak            :           eloy
Kumar Appaiah                   :           kumanna-guest
Kyle McMartin                   :           kyle
Kåre Thor Olsen                 :           kaare
L. V. Gandhi                    :           L . V . Gandhi, L.V.Gandhi
LI Daobing                      :           lidaobing-guest
Laszlo Kajan                    :           lkajan-guest
Leonardo Marín                  :           ljmarin-guest
Linas Zvirblis                  :           Linas %virblis, linas-guest
Lisandro Damián Nicanor Pérez Meyer:        lisandropm-guest, Lisandro%rez Meyer
Loong Jin Chow                  :           hyperair-guest
Loïc Minier                     :           lool-guest, lool
Luca Falavigna                  :           dktrkranz
Lucas Nussbaum                  :           lucas
Ludovic Claude                  :           ludovicc-guest
Luis Pedro Coelho               :           luispedro-guest
Luis Rivas Vañó                 :           luinix-guest
Luk Claes                       :           luk
Luke Cycon                      :           lcycon-guest
Luke Faraone                    :           ffm-guest
M Benoît TUDURI                 :           bent-guest
M Clément Lorteau               :           northernlights-guest
M. Christophe Mutricy           :           xtophe-guest
M. David Anderson               :           danderson-guest
M. Nicolas Dandrimont           :           dandrimont-guest
M. Tanguy Ortolo                :           tanguy-guest
M. Thomas Péteul                :           tpeteul-guest
Madhu Donepudi                  :           mdonepudi-guest
Magnus Hagdorn                  :           magi-guest
Maia Kozheva                    :           lucidfox%, Sikon
Manoj Srivastava                :           Manoj Srivastava <Manoj Srivastava, <srivasta@debian.org(va Srivastava Manoj
Manu Mahajan                    :           zuch-guest
Manuel Soukup                   :           manux-guest
Marc 'HE' Brockschmidt          :           he-guest, he, Marc%Brockschmidt
Marcio Roberto Teixeira         :           marciotex-guest
Marco Amadori                   :           mammadori-guest
Marco Antoniotti                :           marcoxa
Marco Rodrigues                 :           gothicx-guest
Marcus Better                   :           marcusb-guest
Marek Slama                     :           mslama-guest
Mark Caglienzi                  :           cmark-guest
Mark Purcell                    :           msp
Martijn van Oosterhout          :           kleptog-guest
Martin Kelly                    :           aomighty-guest
Martin Michlmayr                :           tbm
Martin Quinson                  :           mquinson-guest
Martin Zobel-Helas              :           zobel
Martin-Éric Racine              :           Martin-%ric% Racine
Martín Ferrari                  :           tincho, tincho-guest
Mathieu Geli                    :           matth-guest
Mathieu Malaterre               :           malat-guest, "Mathieu Malaterre"
Mathieu Parent                  :           mparent-guest, Mathieu PARENT, sathieu
Matteo F. Vescovi               :           mfv%, Matteo%Vescovi
Matthew Rosewarne               :           mukidohime-guest
Matthias Jahn                   :           pmarat-guest
Matthias Klumpp                 :           ximion%
Matthias Kümmerer               :           matthiask-guest
Matthias Schmitz                :           matthias-guest
Maurizio Lemmo                  :           tannoiser-guest
Maximilian Attems               :           maks, maks-guest
Maximilian Gass                 :           mxey-guest
Mechtilde Stehmann              :           Mechtilde
Mehdi Dogguy                    :           dogguy-guest
Meike Reichle                   :           meike
Michael Adam                    :           obnox-guest
Michael Banck                   :           mbanck
Michael Biebl                   :           biebl
Michael Bramer                  :           grisu
Michael Casadevall              :           ncommander-guest
Michael Fladischer              :           fladi-guest
Michael Gilbert                 :           gilbert-guest
Michael Goetze                  :           mgoetze-guest
Michael Hanke                   :           mhanke-guest, mih
Michael Heuer                   :           heuermh-guest
Michael K. Edwards              :           medwards-guest
Michael Koch                    :           mkoch, mkoch-guest
Michael Meskes                  :           meskes
Michael Prokop                  :           mika
Michael Shuler                  :           mshuler-guest
Michael Tautschnig              :           mt, michael-guest
Michael Ziegler                 :           svedrin-guest
Michal Cihar                    :           nijel
Michel Casabona                 :           mca-guest
Michele Baldessari              :           mbaldessari-guest
Miguel Colon                    :           micove-%
Miguel Landaeta                 :           nomadium-guest
Mike Furr                       :           mfurr
Mike O'Connor                   :           stew, stew-guest
Milan Kupcevic                  :           miki-guest
Mirco Bauer                     :           meebey, meebey-guest
Miriam Ruiz                     :           miriam, baby-guest
Miroslav Kure                   :           mck-guest
Misha Koshelev                  :           misha680-guest
Modestas Vainius                :           modax, modax-guest
Mohammad Ebrahim Mohammadi Panah:           ebrahim-guest
Monsieur Didier Raboud          :           odyx-guest
Monty Taylor                    :           mtaylor-guest
Moriyoshi Koizumi               :           moriyoshi-guest
Morten Kjeldgaard               :           mok0-guest
Morten Sørensen                 :           starswifter-guest
Morten Werner Forsbring         :           werner
Morten Werner Olsen             :           werner-guest
Nathan Handler                  :           nhandler-guest
Nelson A. de Oliveira           :           naoliv
Nicholas Bamber                 :           periapt-guest
Nicholas Breen                  :           nbreen%, nbreen-guest
Nicolas Caniart                 :           ncaniart-guest
Nicolas FRANÇOIS                :           fzt
Nicolas FRANÇOIS                :           nekral-guest
Nicolas Valcárcel               :           nxvl-guest
Nicolas Évrard                  :           Nicolas %vrard
Niels Thykier                   :           nthykier-guest
Niko Tyni                       :           ntyni, ntyni-guest
Nikolaus Rath                   :           nikratio-guest
Nikolaus Schulz                 :           nikolaus-guest
Nima Talebi                     :           rasputin-guest
Noah Slater                     :           nslater-guest
Nobuhiro Iwamatsu               :           iwamatsu
Norbert Tretkowski              :           nobse
Norman Garcia                   :           n0rman-guest
Noèl Köthe                      :           Noel Koethe, noel
Oguz Berke DURAK                :           berke-guest
Oleksandr Moskalenko            :           malex
Oliver Osburg                   :           oz-guest
Olivier Langella                :           tryphon-guest
Olivier Sallou                  :           %olivier sallou%, %sallou-guest
Olivier Schwander               :           oschwand-guest
Omar Campagne                   :           elric-guest
Ondrej Certik                   :           certik-guest
Onkar Shinde                    :           onkarshinde-guest
Otavio Salvador                 :           otavio
Oxan van Leeuwen                :           oxan-guest
Pablo Duboue                    :           pabloduboue-guest
Pablo Fischer                   :           pabl0-guest
Panu Kalliokoski                :           atehwa-guest
Paolo Ariano                    :           paolinux-guest
Patrick Matthäi                 :           pmatthaei
Patrick Winnertz                :           winnie
Paul Cager                      :           paulcager-guest
Paul Tagliamonte                :           paultag-guest
Paul Wise                       :           pabs, pabs-guest
Paweł Sadkowski                 :           azhag-guest
Peter Collingbourne             :           pcc-guest
Peter De Wachter                :           pdewacht-guest
Peter Eisentraut                :           petere
Peter Palfrader                 :           weasel, Weasel, Peter Palfrader%
Peter Rockai                    :           mornfall-guest
Peter S. Galbraith              :           psg
Peter Van Eynde                 :           pvaneynd%, Peter%Van%Eynde%
Petter Reinholdtsen             :           pere
Philipp Benner                  :           pbenner-guest
Philipp Kern                    :           pkern
Philipp Meier                   :           llucifer-guest
Philippe Coval                  :           rzr-guest, Philippe COVAL
Pierre Habouzit                 :           madcoder, madcoder-guest
Pierre Machard                  :           pmachard
Pierre Saramito                 :           saramito-guest
Pietro Abate                    :           munga-guest
Pino Toscano                    :           pino-guest
Piotr Lewandowski               :           pl-guest
Piotr Ozarowski                 :           Piotr O%arowski, piotr, pox-guest
Pjotr Prins                     :           pjotr-guest
Pootle Server                   :           pootle-guest
Qijiang Fan                     :           fqj1994-guest
Rafael Laboissiere              :           rafael
Ralf Gesellensetter             :           Ralf%setter
Ralf Treinen                    :           treinen
Randolph Chung                  :           randolph
Raphael Hertzog                 :           hertzog
Raphaël Enrici                  :           blacknoz-guest
Raúl Sánchez Siles              :           kebianizao-guest
Reinhard Tartler                :           siretart, siretart-guest 
Rene Engelhard                  :           rene
Rene Mayorga                    :           rmayorga
Richard Darst                   :           mrbeige-guest, rkd-guest
Richard Holland                 :           holland-guest
Richard Jones                   :           rwmj-guest
Richard Nelson                  :           rjent-guest
Roberto Sanchez                 :           roberto
Robin Munn                      :           rmunn-guest
Rodolphe Quiédeville            :           rodo-guest
Rodrigo Gallardo                :           rodrigogc-guest
Roland Marcus Rutschmann        :           rudi
Rolf Leggewie                   :           leggewie-guest
Romain Beauxis                  :           toots
Roman Haefeli                   :           rdz%
Rosea Grammostola               :           rosea-%, rosea%grammosto%a, Grammostola Rosea, rosea
Ruben Molina                    :           rmolina-guest
Rui Branco                      :           ruipb-guest
Runa Sandvik                    :           runa-guest
Rupert Homberger                :           homberger-guest
Ryan Kavanagh                   :           ryanakca%
Ryan Niebur                     :           ryan52-guest
Ryan Verner                     :           xf-guest
Rémi Vanicat                    :           vanicat
Salvatore Bonaccorso            :           carnil, carnil-guest
Sam Hocevar                     :           sho
Sam Vilain                      :           samv-guest
Sameer Rahmani                  :           lxsameer-guest
Samuel Mimram                   :           smimram, smimram-guest
Samuel Thibault                 :           sthibaul-guest, sthibault
Sandro Tosi                     :           morph
Sargis Dallakyan                :           sargis, sargis-guest
Scott Christley                 :           schristley-guest
Scott Kitterman                 :           kitterman
Sebastian Dröge                 :           slomo-guest, slomo
Sebastian Ramacher              :           sramacher-guest
Seo Sanghyeon                   :           sanxiyn-guest
Serge Guelton                   :           guelton-guest
Severin Heiniger                :           lantash-guest
Siegfried-Angel Gevatter Pujals :           rainct-guest
Simon Chopin                    :           laarmen-guest
Simon McVittie                  :           smcv-guest
Simon Paillard                  :           spaillard
Soren Hansen                    :           soren-guest
Sri Girish Srinivasa Murthy     :           jawsai-guest
Stan Ioan-Eugen                 :           ieugen-guest
Stani Mychyls                   :           stani-guest
Stefan Ott                      :           cockroach-guest
Stefan Ritter                   :           xeno-guest
Stefano Canepa                  :           sc-guest
Stefano Zacchiroli              :           zack
Steffen Möller                  :           smoe-guest, moeller, Steffen Moeller
Steinar H. Gunderson            :           sesse
Stephan Hermann                 :           shermann-guest
Stephan Michels                 :           tashiro-guest
Stephan Peijnik                 :           speijnik-guest
Stephane Del Pino               :           delpinux-guest
Stephen Frost                   :           sfrost
Steve Doonan                    :           xscd-guest
Steve Halasz                    :           stevehalasz, shalasz-guest
Steve Kostecke                  :           steve
Steve Langasek                  :           vorlon
Steven M. Robbins               :           Steve%Robbins, smr
Stig E Sandoe                   :           stig
Stuart Prescott                 :           themill-guest
Stéphan Gorget                  :           phantez-guest
Stéphane Glondu                 :           glondu
Sukhbir Singh                   :           sukhbir, sukhbir-guest
Sundaram Ramaswamy              :           legends2k-guest
Sune Vuorela                    :           pusling-guest
Sven Arvidsson                  :           svena-guest
Sven Luther                     :           sven, luther
Sylvain Le Gall                 :           Sylvain LE GALL, gildor, gildor-guest
Sylvestre Ledru                 :           sylvestre-guest, sylvestre, sylvestre.ledru
Takaki Taniguchi                :           takaki
Tassia Camoes                   :           tassia-guest
Tatiana Al-Chueyr               :           tatiana_alchueyr-guest
Ted Percival                    :           tedp-guest
Thaddeus H. Black               :           thb-guest
Thibaut Gridel                  :           tgridel-guest
Thiemo Seufer                   :           ths-guest
Thierry Carrez                  :           ttx-guest
Thijs Kinkhorst                 :           thijs
Thomas BSG Bushnell             :           Thomas Bushnell%, %BSG Bushnell T%
Thomas Bläsing                  :           thomasbl-guest
Thomas Huriaux                  :           thuriaux-guest
Thomas Koch                     :           thkoch-guest
Thomas Lange                    :           lange
Thomas Perl                     :           thp-guest
Thomas Petazzoni                :           tpetazzo-guest
Thorsten Alteholz               :           alteholz-guest
Tiago Saboga                    :           tiagosab-guest
Tim Sutton                      :           timlinux
Timothy Booth                   :           tbooth-guest
Timur Birsh                     :           taem-guest
Tobi Vollebregt                 :           tobi-guest
Tobias Klauser                  :           tklauser-guest
Tobias Quathamer                :           Tobias Toedter
Tom Albers                      :           tomalbers-guest
Tony Mancill                    :           tmancill
Torsten Marek                   :           shlomme
Torsten Marek                   :           shlomme-guest
Torsten Werner                  :           twerner, mail.twerner
Tristan Seligmann               :           mithrandi-guest
Trygve Laugstøl                 :           trygvis-guest
Ulises Vitulli                  :           dererk-guest
Ulrich Dangel                   :           mru-guest
Umang Varma                     :           umang-guest
Uwe Kleine-König                :           ukleinek-guest
Vagrant Cascadian               :           %vagrant%
Valerio Paolini                 :           valdez-guest
Varun Hiremath                  :           varun
Vernon Tang                     :           vt-guest
Vincent Bernat                  :           bernat
Vincent Danjean                 :           vdanjean, vdanjean-guest
Vincent Fourmond                :           fourmond
Vincent Legout                  :           vlegout-guest
Vincent Sanders                 :           vince
Vladimir Kotov                  :           rk13-guest
Vladimir Osintsev               :           oc-guest
Vladimír Lapáček                :           vladimir-guest
W. Martin Borgert               :           debacle
Waldemar Brodkorb               :           wbx-guest
William Grzybowski              :           wgrz-guest
William Pitcock                 :           nenolod-guest
Wolfgang Bär                    :           wbaer-guest
Wouter van Heyst                :           larstiq-guest
Xavier Oswald                   :           xoswald
Xavier Vello                    :           wdgt-guest
Y Giridhar Appaji Nag           :           appaji-guest
Yaroslav Halchenko              :           yoh-guest, yoh
Yask Gupta                      :           yask-guest
Yavor Doganov                   :           yavor-guest
Youhei Sasaki                   :           uwabami-guest
Yury Zaytsev                    :           zaytsev-guest
Yves Agostini                   :           yvesago-guest
Yves-Alexis Perez               :           corsac, corsac-guest
ZhengPeng Hou                   :           zhengpeng-guest
